{
    "1115892711426375771": {
        "prize": "Test1",
        "host": 301502732664307716,
        "winners": 1,
        "end_time": 1686119975,
        "channel_id": 1101885227309211718
    },
    "1115893248595066913": {
        "prize": "Tsttst",
        "host": 301502732664307716,
        "winners": 1,
        "end_time": 1686120093,
        "channel_id": 1101885227309211718
    },
    "1115893628221526046": {
        "prize": "Gshsdhs",
        "host": 301502732664307716,
        "winners": 1,
        "end_time": 1686120293,
        "channel_id": 1069308917634568312
    },
    "1115961822596567190": {
        "prize": "1 Month Nitro Promo Link (Boost)",
        "host": 1052098003869114408,
        "winners": 1,
        "end_time": 1686179632,
        "channel_id": 1092333165500182608
    },
    "1116036404317790308": {
        "prize": "Nitro",
        "host": 1071821844006576159,
        "winners": 1,
        "end_time": 1686154274,
        "channel_id": 1115700929275113552
    },
    "1116570108446388274": {
        "prize": "Nitro",
        "host": 246469891761111051,
        "winners": 1,
        "end_time": 1686281519,
        "channel_id": 1098062167800021072
    },
    "1116570812372238336": {
        "prize": "Nit",
        "host": 246469891761111051,
        "winners": 1,
        "end_time": 1686281687,
        "channel_id": 1098062167800021072
    }
}