{
    "1016960892421812284": {
        "link": "https://discord.com/api/webhooks/1099353961783365683/uEHbRSgC1YKh9omJ8oB2LL-uPcfVrchc33Uuxm2eLX6DyhfSvmx5gjfkWNtSZJeqWia4",
        "type": "gif",
        "channel": 1099351008171261992
    },
    "917352705356341260": {
        "link": "https://discord.com/api/webhooks/1099573818156142692/9GOHfuDYT5WEu_Pe25NWGIBOT-Xw5iW_ZDmKjgpIkXLKCDLTvZrttFLS3SO23ESTZ9CL",
        "type": "gif",
        "channel": 1099573694927491103
    },
    "1085877344100679690": {
        "link": "https://discord.com/api/webhooks/1099595491228004384/7P6iTaix3lcgD8K5tdCj5vkmNeFR71ziss0WPCYsTeidZhPhlT40pma8mQyrSsFWKT3F",
        "type": "gif",
        "channel": 1085877769013051502
    },
    "1098093459442761759": {
        "link": "https://discord.com/api/webhooks/1099886672855978177/R7lIJ6Vyxr38aWK_KGbJIbZep-ca679d39omSsqT50p50bd5JFp-3WUV86tiEbiYfcU0",
        "type": "gif",
        "channel": 1099884952792870952
    },
    "1013821445543043162": {
        "link": "https://discord.com/api/webhooks/1100118779431764020/lA9ZWJ0kFuFTlJQ-VZDCqO325FolvBtUABEj4YwV3evHLZhDjDb6lsTK5u-rFrBo_FVK",
        "type": "mix",
        "channel": 1066257713245474876
    },
    "1053802815706890260": {
        "link": "https://discord.com/api/webhooks/1100980018823319634/aKDM5jYVdYoCA9MLhhrKx_m-xenp3mIcijAuUatjy2Uaa2GDxQ14BQWe8va4KJciP8FL",
        "type": "mix",
        "channel": 1100979963492040805
    },
    "977950662589554689": {
        "link": "https://discord.com/api/webhooks/1101082088775634994/lAFM8xboA11e-AdKMbYtI9FDwkgHmUTFst7c13HsLVPyobZmiu6N5Pxe6YevGDr3_o92",
        "type": "png",
        "channel": 1098768971429318766
    },
    "1090715925247963149": {
        "link": "https://discord.com/api/webhooks/1101433109167226900/DP6TyvsbAaOuJZpqs7Ti05JJ8khYEuXITHPZ1cUGlvoKTIFo2dvvBLzZHYztpJpfp_Y0",
        "type": "mix",
        "channel": 1101433007044304906
    },
    "850309920133873664": {
        "link": "https://discord.com/api/webhooks/1102133132095918090/31ThKcWtwoZ2gwBeno9qrKogCrgPxO6RGiHgEsEuykc0BghJtlr0xZzeQs9huvATjrPy",
        "type": "mix",
        "channel": 1102132735759372349
    },
    "1048972160569446430": {
        "link": "https://discord.com/api/webhooks/1102861752867246142/cRHPvLhcc_PmO-F-i3BgLfUXkPotFj690ZsLzjAUWM1yYyfWY5y1T19DOGVLbvAH7Thg",
        "type": "mix",
        "channel": 1102714742059049052
    },
    "851668843146248232": {
        "link": "https://discord.com/api/webhooks/1104107263788069005/fnO85_OpBGVitEc01WV_f8WxfLVWj0shT5IfK9t7OeGdcsoUa29APqPi9Y2PEwN3PAkV",
        "type": "mix",
        "channel": 1104043911695044719
    },
    "1103174098818965504": {
        "link": "https://discord.com/api/webhooks/1106488325772165181/MuwwHKwfUICWdWpt3Ej9FYxm3XvceAyjH3E4YvURX77wmBwmlmtk6qqW7d0DO-1PVHb2",
        "type": "mix",
        "channel": 1106487717476454450
    },
    "1022679710943150141": {
        "link": "https://discord.com/api/webhooks/1108022877640478793/HycqltMF_CwQOPIxE53oJdWyNsROwwJnEQKhtP7uCKvAg4-AWYRUPrKjyM6wczzXWCen",
        "type": "mix",
        "channel": 1088827742126096497
    },
    "1011705302883762216": {
        "link": "https://discord.com/api/webhooks/1108319916756566018/hDthRwQH4D4MpqAusD_mwPkQivdUTj2dK8Cn394ZCi_swLAe9jROOpQrrpbkU5zlDCxk",
        "type": "gif",
        "channel": 1102143877894393938
    },
    "1106950751055515810": {
        "link": "https://discord.com/api/webhooks/1108432029554593912/kMWakLQWDWLJnhkoCe5TqIM7X4CcSfAPEnivh-p_p-9CVWpcAvBmCO7qAQmoaacWwHK2",
        "type": "mix",
        "channel": 1107509314744229968
    },
    "879541867262398524": {
        "link": "https://discord.com/api/webhooks/1109028414242951168/uyvlJocfJEqzAnjc3GMNJiNJLKIvlFCM8zupv3B9nFgTw9cw2NSibvcTDz-1ze15A3JE",
        "type": "mix",
        "channel": 1108831878850547985
    },
    "1050406371285291078": {
        "link": "https://discord.com/api/webhooks/1109064322652581899/klaItg60gFr0p8UTd0QEKxpdqMFfdLa6qpsE8lEpgc1-UOKl13fR2LQzwza0GMLdFKGy",
        "type": "gif",
        "channel": 1104291122429308948
    },
    "1098178768503328849": {
        "link": "https://discord.com/api/webhooks/1111902277297524779/JqmhQ3zZzzJyh1UwD-P4kGCqynv75wWGkhYH9ETNvoD_zBMRlSqDFoRTkx8Pg7y0JfdU",
        "type": "png",
        "channel": 1111901765374328862
    },
    "1036305267090018446": {
        "link": "https://discord.com/api/webhooks/1113025275807137853/95mDviDGgD2uFPq2ysfs-zaPKeKj7uoRgOVYZTXKE9x3K9srdNe1dVXSSS59Fa_7XwhL",
        "type": "mix",
        "channel": 1113025127546888204
    },
    "862357125702483988": {
        "link": "https://discord.com/api/webhooks/1113292675391701042/fVAA12tQ1JU8_0oUsF2wD-9tK8UvhCRQtQfhP42EkKn7dfGYPt6qy4-PMuiOsyOQKHQ-",
        "type": "mix",
        "channel": 1113144552321200128
    },
    "1070342496481181697": {
        "link": "https://discord.com/api/webhooks/1118019259319201902/xbIkcBBjjhepOs-cN240K35sTFv90UN7DtbiLI3UOzqylvN_wYe9npbBkaap7MNpknQ1",
        "type": "mix",
        "channel": 1114711498984521809
    },
    "1117317514821632090": {
        "link": "https://discord.com/api/webhooks/1123652968785395773/iMVheu-lFqNLWnpX6NeMf1QOCja4H6FW8mjt5P4jV2KmSxY-MPqMSFvUPuL56sk-1xxW",
        "type": "mix",
        "channel": 1123633434078761062
    },
    "1117015525931892756": {
        "link": "https://discord.com/api/webhooks/1123816494355185697/0-S2O90i1FILU3wFfCpvUQF9EPEqSmQCzUtxHSiKKyZ4ZmKHhzRYbsHF-uL4HwT8uQ8y",
        "type": "png",
        "channel": 1123698652100186233
    },
    "1097201372560101406": {
        "link": "https://discord.com/api/webhooks/1125800082768404520/fkgBYrE8U5Tp2-IMPq1mrdlgC208DfHE-v99WutJ-ZSLD9wk8VaUn9HXk3wzuUfqI2Ef",
        "type": "gif",
        "channel": 1125799733684863007
    },
    "1126165416604090468": {
        "link": "https://discord.com/api/webhooks/1126851528783827026/KdeKECUl4jtQgkddaFTVHfgyFdhEwrtkIRqjPw2GPPk7a8X7_3hePzfuS_eKy9mIPbLi",
        "type": "gif",
        "channel": 1126165417656848391
    },
    "937686596503871529": {
        "link": "https://discord.com/api/webhooks/1132624699982102528/gY6hKZ7zawKUeSg0irjWGeomg-scRcZa9gJvGPRyDRLJkXyUVTJG82wjmpcSUr0Szx9n",
        "type": "mix",
        "channel": 1132624549226229873
    },
    "1115960052801613919": {
        "link": "https://discord.com/api/webhooks/1139815964142206977/s31SyzR1fZk-hCw5fQ8iU5mj92MWqoygT174UGENQdM1X5mlI6pbNzFQCsic3BoQTnBm",
        "type": "mix",
        "channel": 1125407425781039195
    },
    "1134848925103300728": {
        "link": "https://discord.com/api/webhooks/1148146192149127300/7EVEK39AXjoH9vcJeraW-Jxt05np55IDBb6pz9n22q23BMxnqZtm-nN06jSMHU6YIxlf",
        "type": "mix",
        "channel": 1134848925807947834
    },
    "1124978167275335700": {
        "link": "https://discord.com/api/webhooks/1149671642109325322/bL12_-cLvZEmWT44SqOPsEejnOVDjjt2-7svstrqtifHTUw2VNbfKBVvw8ALCVCGvU4C",
        "type": "png",
        "channel": 1149601926778998804
    },
    "1147925088025452624": {
        "link": "https://discord.com/api/webhooks/1150054881965641738/fgBvW0f750vT4bsnX1mHkXmuja4WNyWiMGm_ddfokF8mnvVH7cxuxIGKuit2QKIXKIyA",
        "type": "png",
        "channel": 1147925724905341080
    },
    "1026053124160507904": {
        "link": "https://discord.com/api/webhooks/1150822387651203082/g6BcRUPMmxuVqZSbjNM78L_KB8x9MUR5stfdlZi9H1Ykfl9Fwha9gZS9lpjMyluKIWR8",
        "type": "mix",
        "channel": 1140905805881819176
    },
    "1114202309090607144": {
        "link": "https://discord.com/api/webhooks/1151003218017525840/xVTYmP20DttfFaZymAOUlVwMqG-SzE-i61eZZQx_4DImihVl_58Nsaf76FGLH0PxI87n",
        "type": "mix",
        "channel": 1151002980208881816
    }
}