{
    "guilds": {
        "869249877643763752": {
            "bots": "",
            "humans": ""
        },
        "850309920133873664": {
            "bots": "",
            "humans": 1113562952692400248
        },
        "982468162438201395": {
            "bots": "",
            "humans": 1070765092930588742
        },
        "1044914272473460797": {
            "bots": "",
            "humans": ""
        },
        "991685524240740473": {
            "bots": "",
            "humans": ""
        },
        "415630676050706433": {
            "bots": "",
            "humans": ""
        },
        "934333141223632966": {
            "bots": "",
            "humans": ""
        },
        "755657383501496411": {
            "bots": "",
            "humans": ""
        },
        "1033464907833802804": {
            "bots": "",
            "humans": ""
        },
        "894501041721184286": {
            "bots": "",
            "humans": 1127598449798430730
        },
        "1042438293482119228": {
            "bots": "",
            "humans": ""
        },
        "715445023776178249": {
            "bots": "",
            "humans": ""
        },
        "744880268724142111": {
            "bots": "",
            "humans": 1070950755080609963
        },
        "917352705356341260": {
            "bots": "",
            "humans": ""
        },
        "605610987135172610": {
            "bots": "",
            "humans": ""
        },
        "1062424405671682159": {
            "bots": "",
            "humans": ""
        },
        "1029370921926000753": {
            "bots": "",
            "humans": ""
        },
        "724609826474295407": {
            "bots": "",
            "humans": ""
        },
        "859438497336393759": {
            "bots": "",
            "humans": ""
        },
        "1090715925247963149": {
            "bots": "",
            "humans": ""
        },
        "1010134124490666025": {
            "bots": "",
            "humans": ""
        },
        "1052470361834410024": {
            "bots": "",
            "humans": ""
        },
        "972142466952208424": {
            "bots": "",
            "humans": ""
        },
        "938667941766000670": {
            "bots": "",
            "humans": ""
        },
        "1088334288400961586": {
            "bots": "",
            "humans": ""
        },
        "1028732251451687077": {
            "bots": "",
            "humans": ""
        },
        "1013289182887686205": {
            "bots": "",
            "humans": ""
        },
        "968742392507293756": {
            "bots": "",
            "humans": 1099010003861512233
        },
        "729673324237684756": {
            "bots": "",
            "humans": ""
        },
        "1063751197825191978": {
            "bots": "",
            "humans": ""
        },
        "1095350079826698382": {
            "bots": "",
            "humans": ""
        },
        "977950662589554689": {
            "bots": "",
            "humans": 1098722526185664642
        },
        "1101395037964750909": {
            "bots": "",
            "humans": ""
        },
        "950587318199263242": {
            "bots": 1105709535810822154,
            "humans": ""
        },
        "990830312340729866": {
            "bots": "",
            "humans": ""
        },
        "827590366516740098": {
            "bots": "",
            "humans": ""
        },
        "1071762083936489544": {
            "bots": "",
            "humans": ""
        },
        "1023596503652106291": {
            "bots": "",
            "humans": ""
        },
        "1068720420192260096": {
            "bots": "",
            "humans": ""
        },
        "1048072669876195369": {
            "bots": "",
            "humans": ""
        },
        "1058974089571737620": {
            "bots": "",
            "humans": ""
        },
        "1090284058736611328": {
            "bots": "",
            "humans": ""
        },
        "981744506149945444": {
            "bots": "",
            "humans": ""
        },
        "1022560606928240762": {
            "bots": "",
            "humans": ""
        },
        "983772017381744680": {
            "bots": "",
            "humans": ""
        },
        "853274104067784745": {
            "bots": "",
            "humans": ""
        },
        "1085165601774915716": {
            "bots": "",
            "humans": ""
        },
        "1093507568170708992": {
            "bots": "",
            "humans": ""
        },
        "1011705302883762216": {
            "bots": "",
            "humans": ""
        },
        "952570101784281139": {
            "bots": "",
            "humans": ""
        },
        "475945431788945409": {
            "bots": "",
            "humans": ""
        },
        "1099777396258897951": {
            "bots": "",
            "humans": ""
        },
        "1078662752719077376": {
            "bots": "",
            "humans": ""
        },
        "1048972160569446430": {
            "bots": "",
            "humans": 1049000023943299202
        },
        "1059126137118269520": {
            "bots": "",
            "humans": 1110407216638460004
        },
        "971823165351280685": {
            "bots": "",
            "humans": ""
        },
        "698361548640354475": {
            "bots": "",
            "humans": ""
        },
        "1038056919174221864": {
            "bots": "",
            "humans": ""
        },
        "1006217390461296690": {
            "bots": "",
            "humans": ""
        },
        "1016960892421812284": {
            "bots": 1118504069099704401,
            "humans": 1118504069099704401
        },
        "1075295665019691008": {
            "bots": "",
            "humans": ""
        },
        "1097785885354897488": {
            "bots": "",
            "humans": ""
        },
        "1097201372560101406": {
            "bots": "",
            "humans": ""
        },
        "1100754600333676605": {
            "bots": "",
            "humans": ""
        },
        "1072519616041066597": {
            "bots": "",
            "humans": ""
        },
        "1058002858861133894": {
            "bots": 1062332208402137118,
            "humans": ""
        },
        "914491508181307412": {
            "bots": "",
            "humans": ""
        },
        "1077665828243247185": {
            "bots": "",
            "humans": ""
        },
        "1057222200240918539": {
            "bots": "",
            "humans": ""
        },
        "849911467439816714": {
            "bots": "",
            "humans": ""
        },
        "1096491338876338287": {
            "bots": "",
            "humans": ""
        },
        "1064511184662962246": {
            "bots": "",
            "humans": ""
        },
        "1049588580449792050": {
            "bots": "",
            "humans": ""
        },
        "941249877252386826": {
            "bots": "",
            "humans": ""
        },
        "1092362420468596807": {
            "bots": "",
            "humans": ""
        },
        "1102159879302553660": {
            "bots": "",
            "humans": ""
        },
        "1067081727463395389": {
            "bots": "",
            "humans": ""
        },
        "1099631941264887838": {
            "bots": "",
            "humans": ""
        },
        "1098551234325139466": {
            "bots": "",
            "humans": ""
        },
        "1000383768416223342": {
            "bots": "",
            "humans": ""
        },
        "867289491681443870": {
            "bots": "",
            "humans": ""
        },
        "546391828757217292": {
            "bots": "",
            "humans": ""
        },
        "1097081034312536074": {
            "bots": "",
            "humans": ""
        },
        "1091655830564249620": {
            "bots": "",
            "humans": ""
        },
        "851668843146248232": {
            "bots": "",
            "humans": ""
        },
        "1090327290111594528": {
            "bots": "",
            "humans": ""
        },
        "1082479001517432833": {
            "bots": "",
            "humans": ""
        },
        "980005922229350510": {
            "bots": "",
            "humans": ""
        },
        "1098835310307196998": {
            "bots": "",
            "humans": ""
        },
        "1046089126123941989": {
            "bots": "",
            "humans": ""
        },
        "1068842951171645490": {
            "bots": "",
            "humans": ""
        },
        "1082357968525332591": {
            "bots": "",
            "humans": ""
        },
        "1072098142360715354": {
            "bots": "",
            "humans": ""
        },
        "1102268962512838706": {
            "bots": "",
            "humans": ""
        },
        "1075455441611530260": {
            "bots": "",
            "humans": ""
        },
        "1075743236510990366": {
            "bots": "",
            "humans": ""
        },
        "987743249034788904": {
            "bots": "",
            "humans": ""
        },
        "1087267985602924604": {
            "bots": "",
            "humans": ""
        },
        "1052886751221383198": {
            "bots": "",
            "humans": ""
        },
        "1093402778015125574": {
            "bots": "",
            "humans": ""
        },
        "1018833905996005446": {
            "bots": "",
            "humans": ""
        },
        "913780650383900702": {
            "bots": "",
            "humans": ""
        },
        "981447294547263489": {
            "bots": "",
            "humans": ""
        },
        "1102232799181820016": {
            "bots": "",
            "humans": ""
        },
        "1085857261555028018": {
            "bots": "",
            "humans": ""
        },
        "1066949346131714089": {
            "bots": "",
            "humans": ""
        },
        "1083764787395166230": {
            "bots": "",
            "humans": ""
        },
        "1099569773748158476": {
            "bots": "",
            "humans": ""
        },
        "1074732458349707344": {
            "bots": "",
            "humans": ""
        },
        "892804032110923797": {
            "bots": "",
            "humans": ""
        },
        "1103331864137171136": {
            "bots": "",
            "humans": ""
        },
        "1103261925355307069": {
            "bots": "",
            "humans": ""
        },
        "770314481279827968": {
            "bots": "",
            "humans": ""
        },
        "1026202456763420802": {
            "bots": "",
            "humans": ""
        },
        "1099637087835271240": {
            "bots": "",
            "humans": ""
        },
        "1103285666898522164": {
            "bots": "",
            "humans": ""
        },
        "1103580038047223911": {
            "bots": "",
            "humans": ""
        },
        "1099330347524706355": {
            "bots": "",
            "humans": ""
        },
        "1080735083457171517": {
            "bots": "",
            "humans": ""
        },
        "1103582122310111275": {
            "bots": "",
            "humans": 1103587030358827038
        },
        "1100312845901627422": {
            "bots": "",
            "humans": ""
        },
        "898630944615989268": {
            "bots": "",
            "humans": ""
        },
        "1094521488402567198": {
            "bots": "",
            "humans": ""
        },
        "1072029093429772398": {
            "bots": "",
            "humans": ""
        },
        "1030070478703972392": {
            "bots": "",
            "humans": ""
        },
        "1063832004266827796": {
            "bots": "",
            "humans": ""
        },
        "787725745723408455": {
            "bots": "",
            "humans": ""
        },
        "1055388130288599100": {
            "bots": "",
            "humans": ""
        },
        "1070378913072693299": {
            "bots": "",
            "humans": ""
        },
        "1103611751548862484": {
            "bots": "",
            "humans": ""
        },
        "1064854205258534952": {
            "bots": "",
            "humans": ""
        },
        "1007330244497252434": {
            "bots": "",
            "humans": ""
        },
        "1103691239850770452": {
            "bots": "",
            "humans": ""
        },
        "1081863050182803476": {
            "bots": "",
            "humans": ""
        },
        "1080759958787858432": {
            "bots": "",
            "humans": ""
        },
        "1097020015083004015": {
            "bots": "",
            "humans": ""
        },
        "1097557026105733172": {
            "bots": "",
            "humans": ""
        },
        "1093360534180593794": {
            "bots": "",
            "humans": ""
        },
        "1103735223788765207": {
            "bots": "",
            "humans": ""
        },
        "1089095288100237355": {
            "bots": "",
            "humans": ""
        },
        "1075736415750602763": {
            "bots": "",
            "humans": ""
        },
        "1095013847540174879": {
            "bots": "",
            "humans": ""
        },
        "1058660812182519921": {
            "bots": "",
            "humans": ""
        },
        "1088645077695475743": {
            "bots": "",
            "humans": ""
        },
        "869831779316559934": {
            "bots": "",
            "humans": ""
        },
        "1101876228513869895": {
            "bots": "",
            "humans": ""
        },
        "1094625367626625047": {
            "bots": "",
            "humans": ""
        },
        "1067779789315899402": {
            "bots": "",
            "humans": ""
        },
        "1102073090009206837": {
            "bots": "",
            "humans": ""
        },
        "981883637580578826": {
            "bots": "",
            "humans": ""
        },
        "1104359684904849438": {
            "bots": "",
            "humans": ""
        },
        "1104391317259288627": {
            "bots": "",
            "humans": ""
        },
        "1104093124483096709": {
            "bots": "",
            "humans": ""
        },
        "1076593320421228644": {
            "bots": "",
            "humans": ""
        },
        "849877995128619008": {
            "bots": "",
            "humans": ""
        },
        "1050406371285291078": {
            "bots": "",
            "humans": ""
        },
        "1104436579625357342": {
            "bots": "",
            "humans": ""
        },
        "1077552279642714112": {
            "bots": "",
            "humans": ""
        },
        "860957656398823475": {
            "bots": "",
            "humans": ""
        },
        "1103482126592114689": {
            "bots": "",
            "humans": ""
        },
        "1073077966646558770": {
            "bots": "",
            "humans": ""
        },
        "1094085590359744522": {
            "bots": "",
            "humans": ""
        },
        "1098988222794698782": {
            "bots": "",
            "humans": ""
        },
        "1104746105700356126": {
            "bots": "",
            "humans": ""
        },
        "865308152357322775": {
            "bots": "",
            "humans": ""
        },
        "1103581564513824828": {
            "bots": "",
            "humans": ""
        },
        "1078924136040104019": {
            "bots": "",
            "humans": ""
        },
        "645994629488967700": {
            "bots": "",
            "humans": ""
        },
        "959503491255115826": {
            "bots": "",
            "humans": ""
        },
        "961269433249173524": {
            "bots": "",
            "humans": ""
        },
        "985926199425499188": {
            "bots": "",
            "humans": ""
        },
        "879541867262398524": {
            "bots": "",
            "humans": ""
        },
        "793332019064471575": {
            "bots": "",
            "humans": ""
        },
        "1105381635316260864": {
            "bots": "",
            "humans": ""
        },
        "970615465812574238": {
            "bots": "",
            "humans": ""
        },
        "825681647315845162": {
            "bots": "",
            "humans": 1107197919221792869
        },
        "908570319764217886": {
            "bots": "",
            "humans": ""
        },
        "1105478129239195761": {
            "bots": "",
            "humans": ""
        },
        "866529237326102568": {
            "bots": "",
            "humans": ""
        },
        "977228691367166032": {
            "bots": "",
            "humans": ""
        },
        "1104595166783881316": {
            "bots": "",
            "humans": ""
        },
        "979806204979183706": {
            "bots": "",
            "humans": ""
        },
        "900348868930175006": {
            "bots": "",
            "humans": ""
        },
        "1105343730359218196": {
            "bots": "",
            "humans": ""
        },
        "1105464575719112734": {
            "bots": "",
            "humans": ""
        },
        "928141166522794004": {
            "bots": "",
            "humans": ""
        },
        "1095382520025071647": {
            "bots": "",
            "humans": ""
        },
        "1031950275835080818": {
            "bots": "",
            "humans": ""
        },
        "1091982046898962464": {
            "bots": "",
            "humans": 1105537723298754760
        },
        "1085932180791906474": {
            "bots": "",
            "humans": ""
        },
        "877276106745593926": {
            "bots": "",
            "humans": ""
        },
        "1105891711894442007": {
            "bots": "",
            "humans": ""
        },
        "1102527667833667685": {
            "bots": "",
            "humans": ""
        },
        "1099316033334034434": {
            "bots": "",
            "humans": 1124259406620655667
        },
        "668095429958828042": {
            "bots": "",
            "humans": ""
        },
        "1015354273346891856": {
            "bots": "",
            "humans": ""
        },
        "1086715763819286688": {
            "bots": "",
            "humans": ""
        },
        "1102524388378677300": {
            "bots": "",
            "humans": ""
        },
        "1103976255755390978": {
            "bots": "",
            "humans": ""
        },
        "1002434883530006611": {
            "bots": "",
            "humans": ""
        },
        "987618961489276950": {
            "bots": "",
            "humans": ""
        },
        "1104605773436297276": {
            "bots": "",
            "humans": ""
        },
        "1102235374257983549": {
            "bots": "",
            "humans": ""
        },
        "843515816434991104": {
            "bots": "",
            "humans": ""
        },
        "1097301652148588716": {
            "bots": "",
            "humans": ""
        },
        "1103270399061536834": {
            "bots": "",
            "humans": ""
        },
        "1066631368177635369": {
            "bots": "",
            "humans": ""
        },
        "1102860623244701799": {
            "bots": "",
            "humans": ""
        },
        "1012398728386199714": {
            "bots": "",
            "humans": ""
        },
        "1064077953975210024": {
            "bots": "",
            "humans": ""
        },
        "1087772406657077288": {
            "bots": "",
            "humans": ""
        },
        "1106032282902462545": {
            "bots": "",
            "humans": ""
        },
        "1075298802954674177": {
            "bots": "",
            "humans": ""
        },
        "932513696901627994": {
            "bots": "",
            "humans": ""
        },
        "1096357669364842529": {
            "bots": "",
            "humans": ""
        },
        "880378717778632714": {
            "bots": "",
            "humans": ""
        },
        "1045329795258531901": {
            "bots": "",
            "humans": ""
        },
        "1055723850580643891": {
            "bots": "",
            "humans": 1116436635802947726
        },
        "1106856470986903624": {
            "bots": "",
            "humans": ""
        },
        "1106415282752344136": {
            "bots": "",
            "humans": ""
        },
        "1054789077897060392": {
            "bots": "",
            "humans": ""
        },
        "1100295217158033430": {
            "bots": "",
            "humans": ""
        },
        "1092744856591417364": {
            "bots": "",
            "humans": ""
        },
        "1035016701164654725": {
            "bots": "",
            "humans": ""
        },
        "856082865879253012": {
            "bots": "",
            "humans": ""
        },
        "985779267252129793": {
            "bots": "",
            "humans": ""
        },
        "1103198868478373941": {
            "bots": "",
            "humans": ""
        },
        "946548584088764466": {
            "bots": "",
            "humans": ""
        },
        "1106529014522331166": {
            "bots": "",
            "humans": ""
        },
        "1107240925505277994": {
            "bots": "",
            "humans": ""
        },
        "597130869492285465": {
            "bots": "",
            "humans": ""
        },
        "1102064483775549500": {
            "bots": "",
            "humans": ""
        },
        "1089048698111135826": {
            "bots": "",
            "humans": ""
        },
        "1102584885203447821": {
            "bots": "",
            "humans": ""
        },
        "1085827659445043262": {
            "bots": "",
            "humans": ""
        },
        "1031581278140633129": {
            "bots": "",
            "humans": ""
        },
        "1104999087574622218": {
            "bots": "",
            "humans": ""
        },
        "1041986623275016192": {
            "bots": 1111291999400763485,
            "humans": 1111291999400763485
        },
        "1075670283727405086": {
            "bots": 1095071366761426994,
            "humans": 1095071366761426994
        },
        "875385866258886676": {
            "bots": "",
            "humans": ""
        },
        "1088357523666513930": {
            "bots": "",
            "humans": ""
        },
        "1108016652030857276": {
            "bots": "",
            "humans": ""
        },
        "994243722260791306": {
            "bots": "",
            "humans": ""
        },
        "1100974758453067888": {
            "bots": "",
            "humans": ""
        },
        "1107901317877338174": {
            "bots": "",
            "humans": ""
        },
        "877837063532191775": {
            "bots": "",
            "humans": ""
        },
        "1103230506377678868": {
            "bots": "",
            "humans": ""
        },
        "1107698701285195828": {
            "bots": "",
            "humans": ""
        },
        "1104222856193261659": {
            "bots": "",
            "humans": 1104222856239398957
        },
        "1095643507290542091": {
            "bots": "",
            "humans": ""
        },
        "856819757965639680": {
            "bots": "",
            "humans": ""
        },
        "1106950751055515810": {
            "bots": "",
            "humans": ""
        },
        "971810180306194523": {
            "bots": "",
            "humans": ""
        },
        "1092769041158000640": {
            "bots": "",
            "humans": ""
        },
        "1105433963364892692": {
            "bots": "",
            "humans": ""
        },
        "1080807761920667718": {
            "bots": "",
            "humans": ""
        },
        "1068172427789602947": {
            "bots": "",
            "humans": ""
        },
        "1075780755755647048": {
            "bots": 1108452576791363605,
            "humans": 1108466345579917363
        },
        "974709365066043503": {
            "bots": "",
            "humans": ""
        },
        "1033927321087909948": {
            "bots": "",
            "humans": ""
        },
        "1096838326553690274": {
            "bots": "",
            "humans": ""
        },
        "762696440191123506": {
            "bots": "",
            "humans": 1102932980609077338
        },
        "1107569629133549588": {
            "bots": "",
            "humans": ""
        },
        "911297866029477889": {
            "bots": "",
            "humans": ""
        },
        "1074715708015005746": {
            "bots": "",
            "humans": ""
        },
        "1101470109513568426": {
            "bots": "",
            "humans": ""
        },
        "1099317646069076009": {
            "bots": "",
            "humans": ""
        },
        "1105872245320077382": {
            "bots": "",
            "humans": ""
        },
        "1061900489651916870": {
            "bots": "",
            "humans": ""
        },
        "1015678287290310677": {
            "bots": "",
            "humans": 1109065131335364608
        },
        "999915670349299752": {
            "bots": "",
            "humans": ""
        },
        "1061238585094832189": {
            "bots": "",
            "humans": ""
        },
        "1077521729682939934": {
            "bots": "",
            "humans": ""
        },
        "1108415803583385731": {
            "bots": "",
            "humans": ""
        },
        "1100421838854692954": {
            "bots": "",
            "humans": ""
        },
        "1105866493696168048": {
            "bots": "",
            "humans": ""
        },
        "1102207825171718194": {
            "bots": "",
            "humans": ""
        },
        "1062966350533894164": {
            "bots": "",
            "humans": ""
        },
        "932994263501918250": {
            "bots": "",
            "humans": ""
        },
        "1041669754991169557": {
            "bots": "",
            "humans": ""
        },
        "827546608999727162": {
            "bots": "",
            "humans": ""
        },
        "1007661560791056495": {
            "bots": "",
            "humans": ""
        },
        "1069292189395452085": {
            "bots": "",
            "humans": ""
        },
        "1108601480941944853": {
            "bots": "",
            "humans": ""
        },
        "1101080239494402050": {
            "bots": "",
            "humans": ""
        },
        "1108727488969986158": {
            "bots": "",
            "humans": ""
        },
        "927170235914670110": {
            "bots": "",
            "humans": ""
        },
        "1109472872721825822": {
            "bots": "",
            "humans": ""
        },
        "1106817615558615092": {
            "bots": "",
            "humans": ""
        },
        "1032253204722892890": {
            "bots": "",
            "humans": ""
        },
        "1032251143490912306": {
            "bots": "",
            "humans": ""
        },
        "1032271967753080934": {
            "bots": "",
            "humans": ""
        },
        "973833197609680896": {
            "bots": "",
            "humans": ""
        },
        "1038777041950101524": {
            "bots": "",
            "humans": ""
        },
        "1032253707724800030": {
            "bots": "",
            "humans": ""
        },
        "1032274764326240346": {
            "bots": "",
            "humans": ""
        },
        "846883824885563442": {
            "bots": "",
            "humans": ""
        },
        "1092068703107026975": {
            "bots": "",
            "humans": ""
        },
        "1089456290130038815": {
            "bots": "",
            "humans": ""
        },
        "1098544173843484712": {
            "bots": "",
            "humans": ""
        },
        "1027505863402983484": {
            "bots": "",
            "humans": ""
        },
        "1013657746681372703": {
            "bots": "",
            "humans": ""
        },
        "1048854754798874734": {
            "bots": "",
            "humans": ""
        },
        "1104424191937220700": {
            "bots": "",
            "humans": ""
        },
        "996803019305926656": {
            "bots": "",
            "humans": ""
        },
        "1110140908265017376": {
            "bots": "",
            "humans": ""
        },
        "834868800486375445": {
            "bots": "",
            "humans": ""
        },
        "1110085690466766908": {
            "bots": "",
            "humans": ""
        },
        "1102062176061096027": {
            "bots": "",
            "humans": ""
        },
        "1110268027951382689": {
            "bots": "",
            "humans": ""
        },
        "1110522690802040962": {
            "bots": "",
            "humans": ""
        },
        "1066967784409530398": {
            "bots": "",
            "humans": ""
        },
        "1109899735772434563": {
            "bots": "",
            "humans": ""
        },
        "976893035633836083": {
            "bots": "",
            "humans": ""
        },
        "1110674181319823420": {
            "bots": "",
            "humans": ""
        },
        "1109364071771410515": {
            "bots": "",
            "humans": ""
        },
        "1099166454898753557": {
            "bots": "",
            "humans": ""
        },
        "980758979581980693": {
            "bots": "",
            "humans": ""
        },
        "1101396404867448853": {
            "bots": "",
            "humans": ""
        },
        "1110874983237947484": {
            "bots": "",
            "humans": ""
        },
        "1109453620669325467": {
            "bots": "",
            "humans": ""
        },
        "1058843084860968980": {
            "bots": "",
            "humans": ""
        },
        "1088122632479715459": {
            "bots": "",
            "humans": ""
        },
        "1109669455887343659": {
            "bots": "",
            "humans": ""
        },
        "1111157933997314150": {
            "bots": "",
            "humans": ""
        },
        "1110988839327121449": {
            "bots": "",
            "humans": ""
        },
        "1106425614262612099": {
            "bots": "",
            "humans": ""
        },
        "1104282826628661259": {
            "bots": "",
            "humans": ""
        },
        "1088080898454458410": {
            "bots": "",
            "humans": ""
        },
        "1110154540185030739": {
            "bots": "",
            "humans": ""
        },
        "1099277191398838344": {
            "bots": "",
            "humans": ""
        },
        "1104633112278872207": {
            "bots": "",
            "humans": ""
        },
        "1075308563330781276": {
            "bots": "",
            "humans": ""
        },
        "1106149343309869100": {
            "bots": "",
            "humans": ""
        },
        "1111175920028504124": {
            "bots": "",
            "humans": ""
        },
        "1106888167145078825": {
            "bots": "",
            "humans": ""
        },
        "1111561705768624139": {
            "bots": "",
            "humans": ""
        },
        "1007217158905921546": {
            "bots": "",
            "humans": ""
        },
        "1100334355894771714": {
            "bots": "",
            "humans": ""
        },
        "1095346027344699452": {
            "bots": "",
            "humans": ""
        },
        "1070710037229621328": {
            "bots": "",
            "humans": ""
        },
        "1106311915677958255": {
            "bots": "",
            "humans": ""
        },
        "1009423044063789057": {
            "bots": "",
            "humans": ""
        },
        "1111894101214904482": {
            "bots": "",
            "humans": ""
        },
        "1098178768503328849": {
            "bots": "",
            "humans": 1111512917867769856
        },
        "930392728741761075": {
            "bots": "",
            "humans": ""
        },
        "1106992562063036427": {
            "bots": "",
            "humans": ""
        },
        "1107715505088897195": {
            "bots": "",
            "humans": ""
        },
        "1106657092678451210": {
            "bots": "",
            "humans": ""
        },
        "1108042572053626952": {
            "bots": "",
            "humans": ""
        },
        "1109697531329384460": {
            "bots": "",
            "humans": ""
        },
        "1111579153003720795": {
            "bots": "",
            "humans": ""
        },
        "865169268341080074": {
            "bots": "",
            "humans": ""
        },
        "1078521336751730748": {
            "bots": "",
            "humans": ""
        },
        "1018121454593773588": {
            "bots": "",
            "humans": ""
        },
        "1092747226570293300": {
            "bots": "",
            "humans": ""
        },
        "1019512985225539614": {
            "bots": "",
            "humans": ""
        },
        "1033323699828445254": {
            "bots": "",
            "humans": ""
        },
        "1036305267090018446": {
            "bots": "",
            "humans": 1110256781147504791
        },
        "1088089735911714896": {
            "bots": "",
            "humans": ""
        },
        "1051742119640956938": {
            "bots": "",
            "humans": ""
        },
        "1074625776781119488": {
            "bots": "",
            "humans": ""
        },
        "906824939796070461": {
            "bots": "",
            "humans": ""
        },
        "1046767694617260153": {
            "bots": "",
            "humans": ""
        },
        "1106224980380893254": {
            "bots": "",
            "humans": ""
        },
        "1109463648763641936": {
            "bots": "",
            "humans": ""
        },
        "862357125702483988": {
            "bots": "",
            "humans": ""
        },
        "1113083835891064915": {
            "bots": "",
            "humans": ""
        },
        "1112558149493325894": {
            "bots": "",
            "humans": ""
        },
        "997145946133631028": {
            "bots": "",
            "humans": ""
        },
        "877617418380398633": {
            "bots": "",
            "humans": ""
        },
        "1110081809108172832": {
            "bots": "",
            "humans": ""
        },
        "1092326754523291648": {
            "bots": "",
            "humans": ""
        },
        "1082273979705872474": {
            "bots": "",
            "humans": ""
        },
        "1096410051805188159": {
            "bots": "",
            "humans": ""
        },
        "1112626901538840627": {
            "bots": "",
            "humans": ""
        },
        "1099597962805510214": {
            "bots": "",
            "humans": ""
        },
        "1114252998063960226": {
            "bots": "",
            "humans": ""
        },
        "1086630407170162778": {
            "bots": "",
            "humans": ""
        },
        "1114576802527055902": {
            "bots": "",
            "humans": ""
        },
        "1114617164784214148": {
            "bots": "",
            "humans": ""
        },
        "1114733752980090953": {
            "bots": "",
            "humans": ""
        },
        "1070342496481181697": {
            "bots": "",
            "humans": ""
        },
        "1114431823821414411": {
            "bots": "",
            "humans": ""
        },
        "1095329736512782356": {
            "bots": "",
            "humans": ""
        },
        "1114434122249674782": {
            "bots": "",
            "humans": ""
        },
        "1035290238353944678": {
            "bots": "",
            "humans": ""
        },
        "1000084862700625960": {
            "bots": "",
            "humans": ""
        },
        "979654509368336404": {
            "bots": "",
            "humans": ""
        },
        "949977417177505792": {
            "bots": "",
            "humans": ""
        },
        "1114948063304351785": {
            "bots": "",
            "humans": ""
        },
        "1103993825363513446": {
            "bots": "",
            "humans": ""
        },
        "1103480212160774245": {
            "bots": "",
            "humans": ""
        },
        "902059916372627467": {
            "bots": "",
            "humans": ""
        },
        "1115679962503061655": {
            "bots": "",
            "humans": ""
        },
        "1084856958244372580": {
            "bots": "",
            "humans": ""
        },
        "1005718072058978314": {
            "bots": "",
            "humans": ""
        },
        "1115960052801613919": {
            "bots": "",
            "humans": ""
        },
        "1095393827671507016": {
            "bots": "",
            "humans": ""
        },
        "1104681191648530506": {
            "bots": "",
            "humans": ""
        },
        "1113463632005697548": {
            "bots": "",
            "humans": ""
        },
        "1117015525931892756": {
            "bots": "",
            "humans": ""
        },
        "1022679710943150141": {
            "bots": "",
            "humans": ""
        },
        "955749367195779114": {
            "bots": "",
            "humans": ""
        },
        "1032922271863549962": {
            "bots": "",
            "humans": ""
        },
        "1117361306526294056": {
            "bots": "",
            "humans": ""
        },
        "1112047328715624550": {
            "bots": "",
            "humans": ""
        },
        "1105879047155753023": {
            "bots": "",
            "humans": ""
        },
        "828462366177230848": {
            "bots": "",
            "humans": ""
        },
        "1110383343708676118": {
            "bots": "",
            "humans": ""
        },
        "1005882198580281445": {
            "bots": "",
            "humans": ""
        },
        "1115325451666202735": {
            "bots": "",
            "humans": ""
        },
        "1060488426719297586": {
            "bots": "",
            "humans": ""
        },
        "783335167636275210": {
            "bots": "",
            "humans": ""
        },
        "1116984791724732436": {
            "bots": "",
            "humans": ""
        },
        "1114824524643450912": {
            "bots": "",
            "humans": ""
        },
        "1013857318032650300": {
            "bots": "",
            "humans": ""
        },
        "1101932183045799957": {
            "bots": "",
            "humans": 1101932183045799960
        },
        "1050339151200919582": {
            "bots": "",
            "humans": ""
        },
        "1111885608521056349": {
            "bots": "",
            "humans": ""
        },
        "1117598621966291034": {
            "bots": "",
            "humans": ""
        },
        "1116554778495954965": {
            "bots": "",
            "humans": ""
        },
        "1108013656517652633": {
            "bots": "",
            "humans": ""
        },
        "1102262290054664262": {
            "bots": "",
            "humans": ""
        },
        "922726658866290730": {
            "bots": "",
            "humans": ""
        },
        "1101014488041402509": {
            "bots": "",
            "humans": ""
        },
        "565375052623904778": {
            "bots": "",
            "humans": ""
        },
        "1106789818295394314": {
            "bots": "",
            "humans": ""
        },
        "1115852186237292615": {
            "bots": "",
            "humans": ""
        },
        "1116017381190406144": {
            "bots": "",
            "humans": ""
        },
        "1113640979417804800": {
            "bots": "",
            "humans": ""
        },
        "938089679989923890": {
            "bots": "",
            "humans": ""
        },
        "1102109001619095644": {
            "bots": "",
            "humans": ""
        },
        "1116246685941764149": {
            "bots": "",
            "humans": ""
        },
        "1118619788713918524": {
            "bots": "",
            "humans": ""
        },
        "1055285092018294804": {
            "bots": "",
            "humans": ""
        },
        "1118074086355112056": {
            "bots": "",
            "humans": ""
        },
        "1119670527225774114": {
            "bots": "",
            "humans": ""
        },
        "948630576800337941": {
            "bots": 1031122989611241522,
            "humans": 1031122989611241522
        },
        "1088813784400936970": {
            "bots": "",
            "humans": ""
        },
        "475620344829313045": {
            "bots": "",
            "humans": ""
        },
        "1085590980759138424": {
            "bots": "",
            "humans": ""
        },
        "1119601998237544572": {
            "bots": "",
            "humans": ""
        },
        "1066082034151333921": {
            "bots": "",
            "humans": ""
        },
        "1114297201670230076": {
            "bots": "",
            "humans": ""
        },
        "1104720325175943238": {
            "bots": "",
            "humans": ""
        },
        "1118431311649054731": {
            "bots": "",
            "humans": ""
        },
        "1115526319896281108": {
            "bots": "",
            "humans": ""
        },
        "953519466367578142": {
            "bots": "",
            "humans": ""
        },
        "1091333745421860864": {
            "bots": "",
            "humans": ""
        },
        "1118841473241186344": {
            "bots": "",
            "humans": ""
        },
        "1119062444829069344": {
            "bots": "",
            "humans": ""
        },
        "1119962592870416475": {
            "bots": "",
            "humans": ""
        },
        "1048886596159684699": {
            "bots": "",
            "humans": ""
        },
        "1117427128108056698": {
            "bots": "",
            "humans": ""
        },
        "918306711759126588": {
            "bots": "",
            "humans": ""
        },
        "1116018254213828618": {
            "bots": "",
            "humans": ""
        },
        "1000603562285473923": {
            "bots": "",
            "humans": ""
        },
        "1101523239202725969": {
            "bots": "",
            "humans": ""
        },
        "1119234101459820645": {
            "bots": "",
            "humans": ""
        },
        "1120004466138161192": {
            "bots": "",
            "humans": ""
        },
        "1121658288170336306": {
            "bots": "",
            "humans": ""
        },
        "1120563757349871647": {
            "bots": "",
            "humans": ""
        },
        "1118441225108860981": {
            "bots": "",
            "humans": ""
        },
        "1120219524206182410": {
            "bots": "",
            "humans": ""
        },
        "1118784870685089904": {
            "bots": "",
            "humans": ""
        },
        "1112995030945239120": {
            "bots": "",
            "humans": ""
        },
        "1120727907006947386": {
            "bots": "",
            "humans": ""
        },
        "1104004418837422180": {
            "bots": "",
            "humans": ""
        },
        "1035935790510903306": {
            "bots": "",
            "humans": ""
        },
        "1119305345374896128": {
            "bots": "",
            "humans": ""
        },
        "990143764188246026": {
            "bots": "",
            "humans": ""
        },
        "1122169297129709638": {
            "bots": "",
            "humans": ""
        },
        "1113169627489521757": {
            "bots": "",
            "humans": ""
        },
        "1091280012231065700": {
            "bots": "",
            "humans": ""
        },
        "1084069698611728444": {
            "bots": "",
            "humans": ""
        },
        "854331995327692820": {
            "bots": "",
            "humans": ""
        },
        "1117317514821632090": {
            "bots": "",
            "humans": ""
        },
        "1083808835480854579": {
            "bots": "",
            "humans": ""
        },
        "924320197416984577": {
            "bots": "",
            "humans": ""
        },
        "1110986552697430086": {
            "bots": "",
            "humans": ""
        },
        "1122082736824397844": {
            "bots": "",
            "humans": ""
        },
        "1122729303155691531": {
            "bots": "",
            "humans": ""
        },
        "966949311386648586": {
            "bots": "",
            "humans": ""
        },
        "1122752453385916477": {
            "bots": "",
            "humans": ""
        },
        "1035531261676101692": {
            "bots": "",
            "humans": ""
        },
        "1094202719088164864": {
            "bots": "",
            "humans": ""
        },
        "1122450654019997797": {
            "bots": "",
            "humans": ""
        },
        "1069566214482968606": {
            "bots": "",
            "humans": ""
        },
        "1116603741181857893": {
            "bots": "",
            "humans": ""
        },
        "564349531240660992": {
            "bots": "",
            "humans": ""
        },
        "1119653038127317002": {
            "bots": "",
            "humans": ""
        },
        "1122372572382765086": {
            "bots": "",
            "humans": ""
        },
        "1123107704202862592": {
            "bots": "",
            "humans": ""
        },
        "1032263464342794290": {
            "bots": "",
            "humans": ""
        },
        "1101747235991072780": {
            "bots": "",
            "humans": ""
        },
        "1074948717079175228": {
            "bots": "",
            "humans": ""
        },
        "996356320754139166": {
            "bots": "",
            "humans": ""
        },
        "1023983265465512107": {
            "bots": "",
            "humans": ""
        },
        "1115915059449839716": {
            "bots": "",
            "humans": ""
        },
        "986127221720752189": {
            "bots": "",
            "humans": ""
        },
        "892702510178000927": {
            "bots": "",
            "humans": ""
        },
        "1071010555986448464": {
            "bots": "",
            "humans": ""
        },
        "1092329346011758592": {
            "bots": "",
            "humans": ""
        },
        "1116192035146309696": {
            "bots": "",
            "humans": ""
        },
        "1122725636537057381": {
            "bots": "",
            "humans": ""
        },
        "858961454391754772": {
            "bots": "",
            "humans": ""
        },
        "1108650873099386960": {
            "bots": "",
            "humans": ""
        },
        "1044656151284944917": {
            "bots": "",
            "humans": ""
        },
        "1123346604225736704": {
            "bots": "",
            "humans": ""
        },
        "816692123050442772": {
            "bots": "",
            "humans": ""
        },
        "811664874639065109": {
            "bots": "",
            "humans": ""
        },
        "1120938400283897948": {
            "bots": "",
            "humans": ""
        },
        "891284368356679701": {
            "bots": "",
            "humans": ""
        },
        "1006671526671696013": {
            "bots": "",
            "humans": ""
        },
        "1080803263907102720": {
            "bots": "",
            "humans": ""
        },
        "1100754636174008320": {
            "bots": "",
            "humans": ""
        },
        "1125034165998461038": {
            "bots": "",
            "humans": ""
        },
        "1115616620358926347": {
            "bots": "",
            "humans": ""
        },
        "999984136888528926": {
            "bots": "",
            "humans": ""
        },
        "1092063734945562694": {
            "bots": "",
            "humans": ""
        },
        "1006536357809758269": {
            "bots": "",
            "humans": ""
        },
        "1049505885128491149": {
            "bots": "",
            "humans": ""
        },
        "1118058059017756752": {
            "bots": "",
            "humans": ""
        },
        "1125137591583387728": {
            "bots": "",
            "humans": ""
        },
        "1059732946350784584": {
            "bots": "",
            "humans": ""
        },
        "1120298802860011590": {
            "bots": "",
            "humans": ""
        },
        "1101535464118308924": {
            "bots": "",
            "humans": ""
        },
        "1075500670557360239": {
            "bots": "",
            "humans": ""
        },
        "1125784893578805460": {
            "bots": "",
            "humans": ""
        },
        "1123158581643071528": {
            "bots": "",
            "humans": ""
        },
        "1126165416604090468": {
            "bots": "",
            "humans": ""
        },
        "1123440203751759923": {
            "bots": "",
            "humans": ""
        },
        "1120439481296752744": {
            "bots": "",
            "humans": ""
        },
        "1092761948401172502": {
            "bots": "",
            "humans": ""
        },
        "1121009539035185162": {
            "bots": "",
            "humans": ""
        },
        "1124752028703404114": {
            "bots": "",
            "humans": ""
        },
        "1113535376208953466": {
            "bots": "",
            "humans": ""
        },
        "1123654644153983016": {
            "bots": "",
            "humans": ""
        },
        "1127492656927346758": {
            "bots": "",
            "humans": ""
        },
        "1125420548944560192": {
            "bots": "",
            "humans": ""
        },
        "1127608732646379581": {
            "bots": "",
            "humans": ""
        },
        "1125395853436260426": {
            "bots": "",
            "humans": ""
        },
        "956581292705722478": {
            "bots": "",
            "humans": ""
        },
        "770559575605641258": {
            "bots": "",
            "humans": ""
        },
        "1066606303734149172": {
            "bots": "",
            "humans": ""
        },
        "1090336253402165358": {
            "bots": "",
            "humans": ""
        },
        "1121391730017701888": {
            "bots": "",
            "humans": ""
        },
        "1066745967761707128": {
            "bots": "",
            "humans": ""
        },
        "1082169718695280680": {
            "bots": "",
            "humans": ""
        },
        "1023912342347595778": {
            "bots": "",
            "humans": ""
        },
        "1126473961560100916": {
            "bots": "",
            "humans": ""
        },
        "1120835576921337917": {
            "bots": "",
            "humans": ""
        },
        "1103611722285199411": {
            "bots": "",
            "humans": ""
        },
        "1125811040047857664": {
            "bots": "",
            "humans": ""
        },
        "886936232431591484": {
            "bots": "",
            "humans": ""
        },
        "1031629039250706462": {
            "bots": "",
            "humans": ""
        },
        "1129085792061497447": {
            "bots": "",
            "humans": ""
        },
        "827937108412071936": {
            "bots": "",
            "humans": 1069353332105289788
        },
        "1114015294977998918": {
            "bots": "",
            "humans": ""
        },
        "1129301939096653885": {
            "bots": "",
            "humans": ""
        },
        "1074894112924373032": {
            "bots": "",
            "humans": ""
        },
        "1129434438804181032": {
            "bots": "",
            "humans": ""
        },
        "1126461360365109289": {
            "bots": "",
            "humans": ""
        },
        "1111991701360345148": {
            "bots": "",
            "humans": ""
        },
        "1128248973132582922": {
            "bots": "",
            "humans": ""
        },
        "990573954597019658": {
            "bots": "",
            "humans": ""
        },
        "1129365192782905358": {
            "bots": "",
            "humans": ""
        },
        "1129667152132198500": {
            "bots": "",
            "humans": ""
        },
        "1087008713719681116": {
            "bots": "",
            "humans": ""
        },
        "1124963436279902238": {
            "bots": "",
            "humans": ""
        },
        "1129809225246330880": {
            "bots": "",
            "humans": ""
        },
        "1113320715341537372": {
            "bots": "",
            "humans": ""
        },
        "1107995663419068516": {
            "bots": "",
            "humans": ""
        },
        "873205312058970213": {
            "bots": "",
            "humans": ""
        },
        "1074172028577394839": {
            "bots": "",
            "humans": ""
        },
        "1127767228771729519": {
            "bots": "",
            "humans": ""
        },
        "1078290523468603432": {
            "bots": "",
            "humans": ""
        },
        "1117783126614224976": {
            "bots": "",
            "humans": ""
        },
        "1030183252192940074": {
            "bots": "",
            "humans": ""
        },
        "992263123903975607": {
            "bots": "",
            "humans": ""
        },
        "963087482071711745": {
            "bots": "",
            "humans": ""
        },
        "1124251041630801993": {
            "bots": "",
            "humans": ""
        },
        "1126727446062977104": {
            "bots": "",
            "humans": ""
        },
        "1114707740053475372": {
            "bots": "",
            "humans": ""
        },
        "634051339281760268": {
            "bots": "",
            "humans": ""
        },
        "1123557796789620849": {
            "bots": "",
            "humans": ""
        },
        "1130494972903305366": {
            "bots": "",
            "humans": ""
        },
        "1129299539636015124": {
            "bots": "",
            "humans": ""
        },
        "1129347065126858862": {
            "bots": "",
            "humans": ""
        },
        "1128728299770744835": {
            "bots": "",
            "humans": ""
        },
        "1130483627692662887": {
            "bots": "",
            "humans": ""
        },
        "1131260271537696921": {
            "bots": "",
            "humans": ""
        },
        "937686596503871529": {
            "bots": "",
            "humans": ""
        },
        "1125518653270544446": {
            "bots": "",
            "humans": ""
        },
        "1112768986308935680": {
            "bots": "",
            "humans": ""
        },
        "964058968672571442": {
            "bots": "",
            "humans": ""
        },
        "1123649090903871553": {
            "bots": "",
            "humans": ""
        },
        "1131529087165411399": {
            "bots": "",
            "humans": ""
        },
        "1131931896285245571": {
            "bots": "",
            "humans": ""
        },
        "1131331899340628021": {
            "bots": "",
            "humans": ""
        },
        "1098821087497822208": {
            "bots": "",
            "humans": ""
        },
        "1016659025535979573": {
            "bots": "",
            "humans": ""
        },
        "903989846836658226": {
            "bots": "",
            "humans": ""
        },
        "1106852501665370164": {
            "bots": "",
            "humans": ""
        },
        "1059482349336793098": {
            "bots": "",
            "humans": ""
        },
        "1132327363284312075": {
            "bots": "",
            "humans": ""
        },
        "1125322908533796944": {
            "bots": "",
            "humans": ""
        },
        "1014493771863437342": {
            "bots": "",
            "humans": ""
        },
        "1123468326404902912": {
            "bots": "",
            "humans": ""
        },
        "1132636427532902502": {
            "bots": "",
            "humans": ""
        },
        "1121813566002053152": {
            "bots": "",
            "humans": ""
        },
        "1129729781131386890": {
            "bots": "",
            "humans": ""
        },
        "1115193532404207626": {
            "bots": "",
            "humans": ""
        },
        "1127450062742634576": {
            "bots": "",
            "humans": ""
        },
        "1120706037868146720": {
            "bots": "",
            "humans": ""
        },
        "1085416617107800127": {
            "bots": "",
            "humans": ""
        },
        "1083727688117792869": {
            "bots": "",
            "humans": ""
        },
        "1133373539811069992": {
            "bots": "",
            "humans": ""
        },
        "1091767502658351184": {
            "bots": "",
            "humans": ""
        },
        "1082998491044925460": {
            "bots": "",
            "humans": ""
        },
        "1081440138829254726": {
            "bots": "",
            "humans": ""
        },
        "660077101134643200": {
            "bots": "",
            "humans": ""
        },
        "874508645788958730": {
            "bots": "",
            "humans": 1134457179781476362
        },
        "1123510302265331742": {
            "bots": "",
            "humans": ""
        },
        "984714450013651024": {
            "bots": "",
            "humans": ""
        },
        "1118423197176578119": {
            "bots": "",
            "humans": ""
        },
        "1131910873397592135": {
            "bots": "",
            "humans": ""
        },
        "991247399269961758": {
            "bots": "",
            "humans": ""
        },
        "1104034923783929876": {
            "bots": "",
            "humans": ""
        },
        "1133921173785284628": {
            "bots": "",
            "humans": 1133921173848199320
        },
        "1095936194170327100": {
            "bots": "",
            "humans": ""
        },
        "1083785361714585702": {
            "bots": "",
            "humans": ""
        },
        "1095631376960720957": {
            "bots": "",
            "humans": ""
        },
        "1124982868679082054": {
            "bots": "",
            "humans": ""
        },
        "1056465952444797008": {
            "bots": "",
            "humans": ""
        },
        "1132309948525707326": {
            "bots": "",
            "humans": ""
        },
        "1093949673003294813": {
            "bots": "",
            "humans": ""
        },
        "1083777372618248192": {
            "bots": "",
            "humans": ""
        },
        "1046978229442973696": {
            "bots": "",
            "humans": ""
        },
        "1130911760463974491": {
            "bots": "",
            "humans": ""
        },
        "1108999296113725511": {
            "bots": "",
            "humans": ""
        },
        "1131108736061153431": {
            "bots": "",
            "humans": ""
        },
        "1034379575704158308": {
            "bots": "",
            "humans": ""
        },
        "1102558696090902538": {
            "bots": "",
            "humans": ""
        },
        "1104300494165385257": {
            "bots": "",
            "humans": ""
        },
        "997534386809475154": {
            "bots": "",
            "humans": ""
        },
        "1129480997063364698": {
            "bots": "",
            "humans": ""
        },
        "1095613710476775497": {
            "bots": "",
            "humans": 1114565791547936860
        },
        "1133056819779088515": {
            "bots": "",
            "humans": ""
        },
        "1126891031267385476": {
            "bots": "",
            "humans": ""
        },
        "1118420597739888680": {
            "bots": "",
            "humans": ""
        },
        "1086560364361162875": {
            "bots": "",
            "humans": ""
        },
        "1028598509835927623": {
            "bots": "",
            "humans": ""
        },
        "1134080798958559362": {
            "bots": "",
            "humans": ""
        },
        "1130432680715096114": {
            "bots": "",
            "humans": ""
        },
        "1134903479459123310": {
            "bots": "",
            "humans": ""
        },
        "1125655814233919519": {
            "bots": "",
            "humans": ""
        },
        "1134877769013149696": {
            "bots": "",
            "humans": ""
        },
        "1123123527508307979": {
            "bots": "",
            "humans": ""
        },
        "1134497685240549437": {
            "bots": "",
            "humans": ""
        },
        "1121463957446742078": {
            "bots": "",
            "humans": ""
        },
        "1056603918366416926": {
            "bots": "",
            "humans": ""
        },
        "1130392200476381266": {
            "bots": "",
            "humans": ""
        },
        "1123862263770648666": {
            "bots": "",
            "humans": ""
        },
        "1131505888423841917": {
            "bots": "",
            "humans": ""
        },
        "1135265686411808930": {
            "bots": "",
            "humans": ""
        },
        "1050394503795712040": {
            "bots": "",
            "humans": ""
        },
        "1135491541834678302": {
            "bots": "",
            "humans": ""
        },
        "1132572710430580826": {
            "bots": "",
            "humans": ""
        },
        "758227133910220820": {
            "bots": "",
            "humans": ""
        },
        "559680182085222401": {
            "bots": "",
            "humans": ""
        },
        "1135446953166123070": {
            "bots": "",
            "humans": ""
        },
        "1112745422168019077": {
            "bots": "",
            "humans": ""
        },
        "1133610758123573339": {
            "bots": "",
            "humans": ""
        },
        "1129027696341553192": {
            "bots": "",
            "humans": ""
        },
        "1056480393701892137": {
            "bots": "",
            "humans": ""
        },
        "1135221498123132979": {
            "bots": 1135566530126561440,
            "humans": 1135566537881833585
        },
        "943559891438678097": {
            "bots": "",
            "humans": ""
        },
        "1135533178996666408": {
            "bots": "",
            "humans": ""
        },
        "1124991169676460042": {
            "bots": "",
            "humans": ""
        },
        "896455963773653002": {
            "bots": "",
            "humans": ""
        },
        "1114081203721613314": {
            "bots": "",
            "humans": ""
        },
        "1134055154291843122": {
            "bots": "",
            "humans": ""
        },
        "1057143804030877746": {
            "bots": "",
            "humans": ""
        },
        "842618905566773269": {
            "bots": "",
            "humans": ""
        },
        "1135485706605695006": {
            "bots": "",
            "humans": ""
        },
        "1081283795837259936": {
            "bots": "",
            "humans": 1138163589862150284
        },
        "1120928929969086514": {
            "bots": "",
            "humans": ""
        },
        "1132612426878169118": {
            "bots": 1136319583511380129,
            "humans": 1139780497975820379
        },
        "1103538004317966346": {
            "bots": "",
            "humans": ""
        },
        "1122007597399167106": {
            "bots": "",
            "humans": ""
        },
        "1129021512326840361": {
            "bots": "",
            "humans": ""
        },
        "1088171869611495434": {
            "bots": "",
            "humans": ""
        },
        "1135854333137784842": {
            "bots": "",
            "humans": ""
        },
        "1096410790841569332": {
            "bots": "",
            "humans": ""
        },
        "686509049688096774": {
            "bots": "",
            "humans": ""
        },
        "1134941245840576634": {
            "bots": "",
            "humans": ""
        },
        "1136612449739620484": {
            "bots": "",
            "humans": 1136767713549766746
        },
        "1024741468860055572": {
            "bots": "",
            "humans": ""
        },
        "1116355415496736798": {
            "bots": "",
            "humans": ""
        },
        "1007292118219370606": {
            "bots": "",
            "humans": ""
        },
        "1136924006168133723": {
            "bots": "",
            "humans": ""
        },
        "1103729148918247527": {
            "bots": "",
            "humans": ""
        },
        "1136954825909751898": {
            "bots": "",
            "humans": ""
        },
        "1136646816826396733": {
            "bots": "",
            "humans": ""
        },
        "779246640648683540": {
            "bots": "",
            "humans": ""
        },
        "1136899113628221450": {
            "bots": "",
            "humans": ""
        },
        "1135106122903191612": {
            "bots": "",
            "humans": ""
        },
        "675982774641098756": {
            "bots": "",
            "humans": ""
        },
        "898248632418050049": {
            "bots": "",
            "humans": ""
        },
        "1095465914364854414": {
            "bots": "",
            "humans": ""
        },
        "1128732039806459914": {
            "bots": "",
            "humans": ""
        },
        "1134919338625859604": {
            "bots": "",
            "humans": ""
        },
        "1130966767854944268": {
            "bots": "",
            "humans": ""
        },
        "1137236726058844261": {
            "bots": "",
            "humans": ""
        },
        "998990553343598592": {
            "bots": "",
            "humans": ""
        },
        "1117326817485918310": {
            "bots": "",
            "humans": ""
        },
        "1135226604549845042": {
            "bots": "",
            "humans": ""
        },
        "1136892158566207519": {
            "bots": "",
            "humans": ""
        },
        "824225797992087552": {
            "bots": "",
            "humans": ""
        },
        "1135091618618282125": {
            "bots": "",
            "humans": ""
        },
        "1131412540983869440": {
            "bots": "",
            "humans": ""
        },
        "1128372880166637670": {
            "bots": "",
            "humans": ""
        },
        "942718892478963754": {
            "bots": "",
            "humans": ""
        },
        "1137620011691802665": {
            "bots": "",
            "humans": ""
        },
        "1128326650308861962": {
            "bots": "",
            "humans": ""
        },
        "1136940882420056094": {
            "bots": "",
            "humans": ""
        },
        "1126525973018456114": {
            "bots": "",
            "humans": ""
        },
        "1106025013632581763": {
            "bots": "",
            "humans": ""
        },
        "1038499191661539433": {
            "bots": "",
            "humans": ""
        },
        "1137923260533702720": {
            "bots": "",
            "humans": ""
        },
        "1127113815671177250": {
            "bots": "",
            "humans": ""
        },
        "1108711599482621962": {
            "bots": "",
            "humans": ""
        },
        "1122733120962174977": {
            "bots": "",
            "humans": ""
        },
        "937918372081987644": {
            "bots": "",
            "humans": ""
        },
        "945202251243356171": {
            "bots": "",
            "humans": ""
        },
        "861227532677546044": {
            "bots": "",
            "humans": ""
        },
        "1138540485988843592": {
            "bots": "",
            "humans": ""
        },
        "1137006052223758517": {
            "bots": "",
            "humans": ""
        },
        "1077145018101411860": {
            "bots": "",
            "humans": ""
        },
        "945826539222745168": {
            "bots": "",
            "humans": ""
        },
        "1084538747359600650": {
            "bots": "",
            "humans": ""
        },
        "723138061927579749": {
            "bots": "",
            "humans": ""
        },
        "1095692317530279956": {
            "bots": "",
            "humans": ""
        },
        "1135470430203957328": {
            "bots": "",
            "humans": ""
        },
        "1139540698039853056": {
            "bots": "",
            "humans": ""
        },
        "1139270129381810178": {
            "bots": "",
            "humans": ""
        },
        "1137282795559985262": {
            "bots": "",
            "humans": ""
        },
        "1111739608649175122": {
            "bots": "",
            "humans": ""
        },
        "1133357954435915786": {
            "bots": "",
            "humans": ""
        },
        "1139821249875415120": {
            "bots": "",
            "humans": ""
        },
        "786078807835672607": {
            "bots": "",
            "humans": ""
        },
        "1129078932977766490": {
            "bots": "",
            "humans": ""
        },
        "1133057317307416586": {
            "bots": "",
            "humans": ""
        },
        "1121402415745339402": {
            "bots": "",
            "humans": ""
        },
        "1139867624495394886": {
            "bots": "",
            "humans": ""
        },
        "1082866838616158278": {
            "bots": "",
            "humans": ""
        },
        "1138339920772083753": {
            "bots": "",
            "humans": ""
        },
        "1138368980092981289": {
            "bots": "",
            "humans": ""
        },
        "1036176020652437565": {
            "bots": "",
            "humans": ""
        },
        "1117692073974439936": {
            "bots": "",
            "humans": ""
        },
        "1117170738487636091": {
            "bots": "",
            "humans": ""
        },
        "1139484354901442610": {
            "bots": "",
            "humans": ""
        },
        "1133371832200876073": {
            "bots": "",
            "humans": ""
        },
        "735903380139933838": {
            "bots": "",
            "humans": ""
        },
        "724485886364090448": {
            "bots": "",
            "humans": ""
        },
        "1010819993233014905": {
            "bots": "",
            "humans": ""
        },
        "1130064189348655154": {
            "bots": "",
            "humans": ""
        },
        "1120743105705017374": {
            "bots": "",
            "humans": ""
        },
        "451997385501966336": {
            "bots": "",
            "humans": ""
        },
        "1033339930828603412": {
            "bots": "",
            "humans": ""
        },
        "1143876452341792830": {
            "bots": "",
            "humans": 1143945469035282442
        },
        "1143020574520639518": {
            "bots": "",
            "humans": ""
        },
        "907863595373723678": {
            "bots": "",
            "humans": ""
        },
        "1105488710042140793": {
            "bots": "",
            "humans": ""
        },
        "1113338535525761056": {
            "bots": "",
            "humans": ""
        },
        "1132588138129264691": {
            "bots": "",
            "humans": ""
        },
        "1120283844566855740": {
            "bots": "",
            "humans": ""
        },
        "1100385108462153768": {
            "bots": "",
            "humans": ""
        },
        "1144597079738552320": {
            "bots": "",
            "humans": ""
        },
        "1040524751942209556": {
            "bots": "",
            "humans": ""
        },
        "1139504588152639505": {
            "bots": "",
            "humans": ""
        },
        "1125445311456890972": {
            "bots": "",
            "humans": ""
        },
        "1093809679479603220": {
            "bots": "",
            "humans": ""
        },
        "1133424397517070567": {
            "bots": "",
            "humans": ""
        },
        "938159234338672721": {
            "bots": "",
            "humans": ""
        },
        "1141621893766582354": {
            "bots": "",
            "humans": ""
        },
        "1144539510168887338": {
            "bots": "",
            "humans": ""
        },
        "1071050741873131580": {
            "bots": "",
            "humans": ""
        },
        "1145337236804599989": {
            "bots": "",
            "humans": ""
        },
        "1145364254350901268": {
            "bots": "",
            "humans": ""
        },
        "1135102766973452398": {
            "bots": "",
            "humans": ""
        },
        "1110721081104416768": {
            "bots": "",
            "humans": ""
        },
        "1045644786981417021": {
            "bots": "",
            "humans": ""
        },
        "1007908356964491274": {
            "bots": "",
            "humans": ""
        },
        "1134099284854317076": {
            "bots": "",
            "humans": ""
        },
        "1140199756161892422": {
            "bots": "",
            "humans": ""
        },
        "1140934533307445318": {
            "bots": "",
            "humans": ""
        },
        "1114855692919115848": {
            "bots": "",
            "humans": ""
        },
        "1117061467016003668": {
            "bots": "",
            "humans": ""
        },
        "1134848925103300728": {
            "bots": "",
            "humans": ""
        },
        "1147476895009624125": {
            "bots": "",
            "humans": ""
        },
        "1139175327072010321": {
            "bots": "",
            "humans": ""
        },
        "1146398076077092904": {
            "bots": "",
            "humans": ""
        },
        "993532923703722104": {
            "bots": "",
            "humans": ""
        },
        "1145383096129163374": {
            "bots": "",
            "humans": ""
        },
        "1147996723575275562": {
            "bots": "",
            "humans": ""
        },
        "1144508758240796782": {
            "bots": "",
            "humans": ""
        },
        "677239639454777375": {
            "bots": "",
            "humans": ""
        },
        "1146363144806088796": {
            "bots": "",
            "humans": ""
        },
        "1128999655892586617": {
            "bots": "",
            "humans": ""
        },
        "1148225356378152990": {
            "bots": "",
            "humans": ""
        },
        "1121452516115234916": {
            "bots": "",
            "humans": ""
        },
        "435030648965693461": {
            "bots": "",
            "humans": ""
        },
        "1029692752243474503": {
            "bots": "",
            "humans": ""
        },
        "1075480726151110656": {
            "bots": "",
            "humans": ""
        },
        "836096295126433853": {
            "bots": "",
            "humans": ""
        },
        "1138026285378043994": {
            "bots": "",
            "humans": ""
        },
        "1148167593526575144": {
            "bots": "",
            "humans": ""
        },
        "1147241511948398724": {
            "bots": "",
            "humans": ""
        },
        "984528367627960320": {
            "bots": "",
            "humans": ""
        },
        "1134506529777791096": {
            "bots": "",
            "humans": ""
        },
        "1148588816244940955": {
            "bots": "",
            "humans": ""
        },
        "1146845939076710460": {
            "bots": "",
            "humans": ""
        },
        "927989996902842408": {
            "bots": "",
            "humans": ""
        },
        "1104792458186993725": {
            "bots": "",
            "humans": ""
        },
        "1034770371691425802": {
            "bots": "",
            "humans": ""
        },
        "1123560749592219708": {
            "bots": "",
            "humans": ""
        },
        "1147517786382405672": {
            "bots": "",
            "humans": ""
        },
        "1148998108731162704": {
            "bots": "",
            "humans": ""
        },
        "982601205870120981": {
            "bots": "",
            "humans": ""
        },
        "1127309062703419572": {
            "bots": "",
            "humans": ""
        },
        "1068801092483284992": {
            "bots": "",
            "humans": ""
        },
        "682974190483275840": {
            "bots": "",
            "humans": ""
        },
        "1143164412258156554": {
            "bots": "",
            "humans": ""
        },
        "939937362950107236": {
            "bots": "",
            "humans": ""
        },
        "1149228142314139648": {
            "bots": "",
            "humans": ""
        },
        "1124978167275335700": {
            "bots": "",
            "humans": 1149607511054364682
        },
        "1134695417792180255": {
            "bots": "",
            "humans": ""
        },
        "1131597997663322112": {
            "bots": "",
            "humans": ""
        },
        "979917176515477584": {
            "bots": "",
            "humans": ""
        },
        "1138131434415075398": {
            "bots": "",
            "humans": ""
        },
        "1140545058249130007": {
            "bots": "",
            "humans": ""
        },
        "1122352165713891368": {
            "bots": "",
            "humans": ""
        },
        "1131481618117296168": {
            "bots": "",
            "humans": ""
        },
        "1021262606708768768": {
            "bots": "",
            "humans": ""
        },
        "1106472008927150111": {
            "bots": "",
            "humans": ""
        },
        "1149694704535994452": {
            "bots": "",
            "humans": ""
        },
        "1106055486408765500": {
            "bots": "",
            "humans": ""
        },
        "1147925088025452624": {
            "bots": "",
            "humans": ""
        },
        "1125622138058047578": {
            "bots": "",
            "humans": ""
        },
        "1092749835247030363": {
            "bots": "",
            "humans": ""
        },
        "1140619784258605086": {
            "bots": "",
            "humans": 1150364242759921715
        },
        "1119541352686944256": {
            "bots": "",
            "humans": ""
        },
        "1132147117096443956": {
            "bots": "",
            "humans": ""
        },
        "1143911861293694997": {
            "bots": "",
            "humans": ""
        },
        "1148312884422651954": {
            "bots": "",
            "humans": ""
        },
        "1120400789026906193": {
            "bots": "",
            "humans": ""
        },
        "1138839356304535582": {
            "bots": "",
            "humans": ""
        },
        "537684121355419659": {
            "bots": "",
            "humans": ""
        },
        "1144439297840263168": {
            "bots": "",
            "humans": ""
        },
        "1124707374708559994": {
            "bots": "",
            "humans": ""
        },
        "1088934289967694005": {
            "bots": "",
            "humans": ""
        },
        "1150994393701044304": {
            "bots": "",
            "humans": ""
        },
        "941434672754348123": {
            "bots": "",
            "humans": ""
        }
    }
}